id , phrase
 1   , A PILE OF COATS
 2   , A PILE OF COATS ON THE BED
 3   , A SHELF FULL OF KNICKKNACKS
 4   , A SOCK WITH HOLES IN IT
 5   , A VASE FILLED WITH SUNFLOWERS
 6   , A VASE OF FLOWERS
 7   , A VASE OF FRESH CUT GARDEN FLOWERS
 8   , ACCENT CABINET
 9   , ACCENT FURNITURE
 10  , ADDRESS BOOK
 11  , ADDRESS LABELS
 12  , ADJUSTABLE SHOE RACK
 13  , AFGHAN RUG
 14  , AFTER-SHAVE LOTION
 15  , AIR FRESHENER
 16  , AIR MATTRESS
 17  , ALARM CLOCK
 18  , ALARM CLOCK WITH NATURE SOUNDS
 19  , ALL-PURPOSE CLEANERS
 20  , AMUSING YARN
 21  , AN AIR CONDITIONER RUNNING FULL BLAST
 22  , ANGLE BROOM WITH DUSTPAN
 23  , ANGORA SWEATER
 24  , ANIMAL-SHAPED LAMPS
 25  , ANNUAL SAILING WEEKEND EVENT
 26  , ANTI-WRINKLE CREAM
 27  , ANTIBACTERIAL HAND WIPES
 28  , ANTIPLAQUE MOUTHWASH
 29  , ANTIQUE BATHTUB
 30  , ANTIQUE DESK LAMP
 31  , ANTIQUE DINING TABLE
 32  , ANTIQUE FURNISHINGS
 33  , ANTIQUE JEWELRY BOX
 34  , ANTIQUE POLAROID CAMERA
 35  , ANTIQUE PORCELAIN VASE
 36  , ANTIQUE SEWING MACHINE
 37  , ANTIQUE TELEPHONE
 38  , APPLE CINNAMON CANDLE
 39  , APPOINTMENT BOOK
 40  , AREA RUGS
 41  , ARM & HAMMER SPINBRUSH
 42  , ARMCHAIR
 43  , ARMLESS CHAIR
 44  , AROUND THE HOUSE
 45  , ART DECO BEDROOM SET
 46  , ATTIC STAIRS
 47  , AUTOMATIC GARAGE DOOR OPENER
 48  , AUTOMATIC GARAGE-DOOR OPENER
 49  , AUTUMN BRANCH CENTERPIECE
 50  , AUTUMN-BRANCH CENTERPIECE
 51  , BABY OIL
 52  , BABY POWDER
 53  , BABY QUILT
 54  , BABY WIPES
 55  , BACKYARD BIRD FEEDER
 56  , BACKYARD FURNITURE
 57  , BACKYARD POOL
 58  , BAKER'S RACK WITH WINE STORAGE
 59  , BAKERS RACK WITH WINE STORAGE
 60  , BAKING SUPPLIES
 61  , BAMBOO COFFEE TABLE
 62  , BAMBOO DRAWER ORGANIZERS
 63  , BAMBOO PLACE MATS
 64  , BAMBOO SHOE RACK
 65  , BARBECUE GRILL
 66  , BARBECUE TONGS
 67  , BATH MAT
 68  , BATH PRODUCTS
 69  , BATH TOWELS
 70  , BATHMAT
 71  , BATHROOM CLEANER
 72  , BATHROOM CLEANER WITH BLEACH
 73  , BATHROOM FIXTURES
 74  , BATHROOM MIRROR
 75  , BATHROOM SCALE
 76  , BATHROOM SCALES
 77  , BATHROOM SOAP DISPENSER
 78  , BATHROOM WINDOW
 79  , BATHTUB
 80  , BATTERY CHARGER
 81  , BAY WINDOW
 82  , BEADED NAPKIN RINGS
 83  , BEANBAG CHAIR
 84  , BEANBAGS & LOUNGE CHAIRS
 85  , BEAUTIFUL BEDDING
 86  , BEAUTIFUL COFFEE-TABLE BOOK
 87  , BEAUTIFUL GLASS VASE
 88  , BED-IN-A-BAG
 89  , BEDDING & BATH
 90  , BEDSIDE LAMP
 91  , BEDSIDE TABLE
 92  , BERMUDA SHORTS
 93  , BETTY WHITE RICE BOWL
 94  , BEVELED MIRROR
 95  , BIG-SCREEN TELEVISION
 96  , BIODEGRADABLE CLEANERS
 97  , BIRDBATH
 98  , BLACK-AND WHITE FAMILY PHOTOGRAPH
 99  , BLACK-AND-WHITE FAMILY PHOTOGRAPH
 100 , BLANKETS AND COMFORTERS
 101 , BLOWN FUSE
 102 , BLUE GLASS CLEANER
 103 , BLUE JEANS
 104 , BLUE WINDOW CLEANER
 105 , BODY MIST
 106 , BODY SCRUB
 107 , BODY WASH
 108 , BOOKCASE HEADBOARD
 109 , BOOKENDS
 110 , BOOKING A FLIGHT
 111 , BOOKSHELF
 112 , BOTTLE OPENER
 113 , BOWL OF ICING
 114 , BOX OF OLD CLOTHES
 115 , BRAIDED PLACE MATS
 116 , BRAIDED RUG
 117 , BRAND NEW SOFA COVER
 118 , BRAND-NEW RED BICYCLE
 119 , BRAND-NEW SOFA COVER
 120 , BRASS BED
 121 , BRASS DOORKNOBS
 122 , BRASS DOORSTOP
 123 , BRASS FRUIT BASKET
 124 , BRASS SIDE TABLE
 125 , BRASS TABLE
 126 , BRIGHT LAMP
 127 , BRIGHT LIGHT BULBS
 128 , BRIGHTLY COLORED SUMMER WARDROBE
 129 , BROADBAND INTERNET CONNECTION
 130 , BRONZE TABLE LAMPS
 131 , BROOKS BROTHERS MEN'S SUIT
 132 , BROOM & DUSTPAN
 133 , BROOM AND DUSTPAN
 134 , BROOMS & DUSTPANS
 135 , BROW BRUSH
 136 , BROWN LEATHER LOVE SEAT
 137 , BRUSH AND COMB
 138 , BUBBLE BATH
 139 , BUILT-IN SHELVES
 140 , BUNK BEDS
 141 , BUTANE LIGHTER
 142 , BUTTON-DOWN DRESS SHIRT
 143 , CABINET & CONSOLE
 144 , CALIFORNIA KING MATTRESS
 145 , CALIFORNIA-KING MATTRESS
 146 , CANDLE CENTERPIECE
 147 , CANDLEHOLDERS
 148 , CANOPY BED
 149 , CANVAS SHELF ORGANIZER
 150 , CARD TABLE & FOLDING CHAIRS
 151 , CARNIVAL-GLASS CANDY DISH
 152 , CARPETED STAIRCASE
 153 , CASE FULL OF FLOWER
 154 , CASHMERE BLANKET
 155 , CASHMERE THROWS
 156 , CAT-SCRATCHING POST
 157 , CD COLLECTION
 158 , CEDAR CHEST
 159 , CEDAR PANELING
 160 , CEILING FAN
 161 , CEILING LAMPS
 162 , CELLPHONE CHARGER
 163 , CENTRAL AIR CONDITIONING
 164 , CERAMIC & GLASS FIGURINES
 165 , CERAMIC BATHTUB
 166 , CERAMIC BIRDBATH
 167 , CERAMIC BOWL
 168 , CERAMIC COOKIE JAR
 169 , CERAMIC DISH
 170 , CERAMIC DRINKING MUG
 171 , CERAMIC INCENSE BURNER
 172 , CERAMIC PAPERWEIGHTS
 173 , CERAMIC PLANTERS
 174 , CERAMIC PUNCH BOWL
 175 , CERAMIC SIDE TABLE
 176 , CERAMIC TRINKET
 177 , CHAIRS & STOOLS
 178 , CHAISE SECTIONAL SOFA
 179 , CHARMING TABLE LAMP
 180 , CHENILLE TAPESTRY PILLOW
 181 , CHEST OF DRAWERS WITH ANTIQUE MIRROR
 182 , CHIC DECOR
 183 , CHILLED GLASS
 184 , CHINA CABINET
 185 , CHINESE CALLIGRAPHY WALL ART
 186 , CHIPPED DISHES
 187 , CHOCOLATE CHEESECAKE DIP
 188 , CHRISTMAS WREATH
 189 , CHROME NAIL CLIPPERS
 190 , CIRCUIT BREAKER
 191 , CITRUS-SCENTED CANDLE
 192 , CITRUS-SCENTED MOISTURIZER
 193 , CLAWFOOT BATHTUB
 194 , CLEAN AIR VENT
 195 , CLEAN CLOTHES
 196 , CLEAN FRESH LAUNDRY
 197 , CLEAN KITCHEN SINK
 198 , CLEAN PILLOW PROTECTORS
 199 , CLEAR PLASTIC SHOWER CURTAIN
 200 , CLEAR SHOWER CURTAIN
 201 , CLEVELAND STEAMER
 202 , CLOCK RADIO
 203 , CLOSET SPACE
 204 , CLOTHES HANGERS
 205 , COAT HOOKS
 206 , COAT RACK
 207 , COCKTAIL GLASSES
 208 , COCKTAIL TABLE
 209 , COFFEE TABLE
 210 , COFFEE-TABLE BOOK
 211 , COILED GARDEN HOSE
 212 , COLD BATHROOM FLOOR TILES
 213 , COLLECTION OF VIDEO GAMES
 214 , COLOR CUT CRYSTAL
 215 , COLOR-CUT CRYSTAL
 216 , COLORFUL DECOR
 217 , COLORFUL THROW PILLOWS
 218 , COMBINATION LOCK BOX
 219 , COMFORTABLE CHAIR
 220 , COMFORTABLE COUCH
 221 , COMFORTABLE COUCH & LOVE SEAT
 222 , COMFORTER SET
 223 , COMFY ARMCHAIR
 224 , COMFY CHAIR
 225 , COMFY CHAIR CUSHIONS
 226 , COMFY COUCH
 227 , COMFY LOAFERS
 228 , COMFY SOFA
 229 , COMPACT FLUORESCENT LIGHT BULBS
 230 , COMPUTERS & TELEVISIONS
 231 , CONCERT HALL OF RECORDS
 232 , CONSOLE TABLE
 233 , CONTEMPORARY FURNISHINGS
 234 , COOKIE DOUGH
 235 , COOKING UTENSILS
 236 , COOL MINT MOUTHWASH
 237 , COPPER PIPES
 238 , COPPER TEA KETTLE
 239 , CORDLESS HAND VACUUM
 240 , CORDLESS PHONE
 241 , CORDLESS POWER DRILL
 242 , CORDLESS TOOL KIT
 243 , CORK DRINK COASTERS
 244 , CORKSCREW
 245 , CORN SYRUP
 246 , CORNER SHELVES
 247 , CORNER SHOWER CADDY
 248 , CORTISONE CREAM
 249 , COTTON BALLS
 250 , COTTON NAPKINS
 251 , COTTON SHEET SET
 252 , COTTON SHEETS
 253 , COTTON SWABS
 254 , COUCH CUSHION
 255 , COUCH CUSHIONS
 256 , COUGH SYRUP
 257 , COZY CHAIR
 258 , COZY COTTON PAJAMAS
 259 , COZY SOFA
 260 , CREAKING DOOR
 261 , CREAKING DOORS
 262 , CREAKING ROCKING CHAIR
 263 , CREAKING ROCKING CHAIRS
 264 , CREATIVE HOLIDAY DECORATIONS
 265 , CRESCENT-SHAPED MIRROR
 266 , CROCHET DRESSES
 267 , CROCHETED DOILY
 268 , CROSS-STITCH NAPKINS
 269 , CRYSTAL CANDLESTICKS
 270 , CRYSTAL CHAMPAGNE FLUTES
 271 , CRYSTAL DINNER GLASSES
 272 , CRYSTAL GLASSES
 273 , CRYSTAL GLASSWARE
 274 , CRYSTAL GOBLETS
 275 , CRYSTAL VASE
 276 , CRYSTAL VASES & DISHES
 277 , CRYSTAL WINEGLASSES
 278 , CUCUMBER MELON BODY WASH
 279 , CURIO CABINET
 280 , CUSTOM CABINETS
 281 , CUSTOM DRAPERY
 282 , DAILY MOISTURIZING LOTION
 283 , DAMASK TABLECLOTH
 284 , DANDRUFF SHAMPOO
 285 , DARTBOARD-CABINET SET
 286 , DECORATIVE AREA RUGS
 287 , DECORATIVE FLOOR LAMP
 288 , DECORATIVE LAMP
 289 , DECORATIVE MIRRORS
 290 , DECORATIVE PAPER LANTERNS
 291 , DECORATIVE ROCK BED
 292 , DECORATIVE RUG
 293 , DECORATIVE STONE BOOKENDS
 294 , DECORATIVE TEACART
 295 , DECORATIVE THROW PILLOWS
 296 , DEEP-CLEANING SOAP
 297 , DELUXE SHAVING KIT
 298 , DENTURE CREAM
 299 , DEODORANT SOAP
 300 , DESIGNER JEANS
 301 , DESIGNER LEATHER HANDBAG
 302 , DESK CHAIR
 303 , DESK LAMPS
 304 , DESKTOP MEDIA PLAYER
 305 , DIGITAL BATHROOM SCALE
 306 , DIGITAL CLOCK
 307 , DIGITAL THERMOSTAT
 308 , DIGITAL VIDEO RECORDER
 309 , DIGITAL-VOICE ASSISTANT
 310 , DIMMER SWITCH
 311 , DINING BUFFET
 312 , DINING ROOM TABLE
 313 , DINING TABLE
 314 , DINING-ROOM TABLE
 315 , DINING-ROOM TABLE SET
 316 , DINNER TABLE
 317 , DIRTY FLOOR
 318 , DISCOUNT COUPON BOOK
 319 , DISPLAY LEDGE
 320 , DISPOSABLE RAZORS
 321 , DOG DOOR
 322 , DOGGIE DOOR
 323 , DOOR HINGE
 324 , DOOR SWINGING WIDE OPEN
 325 , DOORBELL & INTERCOM
 326 , DOORMAT
 327 , DOORMATS & OUTDOOR RUGS
 328 , DOORSTOP
 329 , DOUBLE BOILERS
 330 , DOUBLE-ROLL TOILET PAPER
 331 , DOWN COMFORTER
 332 , DRESS SHOES
 333 , DRESSER DRAWERS
 334 , DRESSING TABLE
 335 , DRINKING GLASS
 336 , DRIPLESS CANDLES
 337 , DRIPPING FAUCET
 338 , DROP CEILING
 339 , DUCT TAPE
 340 , DULL SCISSORS
 341 , DUST BUNNIES
 342 , DUSTY BOOKS
 343 , DUSTY SCRAPBOOK
 344 , DUVET COVER SHAMS
 345 , DUVET COVERS
 346 , DUVETS & BLANKETS
 347 , DVD PLAYER
 348 , EAT-IN KITCHEN
 349 , EDDIE BAUER CARGO PANTS
 350 , EGYPTIAN COTTON SHEETS
 351 , ELABORATE FURNISHINGS
 352 , ELECTRIC STAPLE & NAIL GUN
 353 , ELECTRIC TOOTHBRUSH
 354 , ELECTRIC WATER HEATER
 355 , ELECTRICAL OUTLETS
 356 , ELECTRONIC GLASS BATHROOM SCALE
 357 , EMBOSSED STATIONARY
 358 , EMBOSSED STATIONERY
 359 , EMBROIDERED PILLOWS
 360 , EMERALD GREEN PENDANT
 361 , EMPTY SHOEBOXES
 362 , END TABLE
 363 , END TABLES
 364 , ENERGY SAVING LIGHT BULBS
 365 , ENERGY-EFFICIENT APPLIANCES
 366 , ENERGY-SAVING LIGHT BULBS
 367 , ENGRAVED BATH SOAPS
 368 , ENGRAVED SOAPS
 369 , ENORMOUS WALK-IN CLOSET
 370 , ENTERTAINMENT CENTER
 371 , ENTHUSIASTIC SOCCER FANS
 372 , EXECUTIVE FACIAL & SHAVE
 373 , EXERCISE EQUIPMENT
 374 , EXFOLIATING FACIAL SCRUB
 375 , EYE MAKEUP REMOVER
 376 , EYE-WRINKLE CREAM
 377 , FABRIC FRESHENER
 378 , FABRIC SOFTENER
 379 , FABRIC-COVERED OTTOMAN
 380 , FACE CREAM
 381 , FACECLOTH
 382 , FAMILY HEIRLOOMS
 383 , FAMILY PHOTO
 384 , FAMILY PHOTO ALBUM
 385 , FAMILY PHOTOS
 386 , FAMILY PORTRAIT
 387 , FAMILY-PHOTO ALBUMS
 388 , FANCY CLOTH NAPKINS
 389 , FANCY WHITE CLOTH NAPKINS
 390 , FASHIONABLE CELTIC COLLAR
 391 , FAUX-SHEEPSKIN THROW
 392 , FEATHER DUSTER
 393 , FESTIVE HANGING ORNAMENTS
 394 , FESTIVE TABLE DECORATION
 395 , FESTIVE TABLE DECORATIONS
 396 , FIBERGLASS STEPLADDER
 397 , FINE CHINA
 398 , FINE LINEN BED SKIRTS
 399 , FINE-LINEN BED SKIRTS
 400 , FIREPLACE MANTEL
 401 , FIREPLACE MANTEL DONNED IN TINSEL
 402 , FIREPLACE MANTLE
 403 , FIREPLACE POKER
 404 , FIREPROOF SAFE
 405 , FIRM PILLOWS
 406 , FLANNEL BEDSHEETS
 407 , FLAT-SCREEN TELEVISION
 408 , FLEECE ROBE
 409 , FLEECE SLIPPERS
 410 , FLICKERING CANDLES
 411 , FLIMSY- CARDBOARD BOXES
 412 , FLIMSY-CARDBOARD BOXES
 413 , FLOOR WAX
 414 , FLORAL-PRINT SUNDRESS
 415 , FLOWER VASE
 416 , FLUFFED PILLOWS
 417 , FLUFFLY COTTON ROBE
 418 , FLUFFY BATH TOWELS
 419 , FLUFFY BATHROBE
 420 , FLUFFY COTTON ROBE
 421 , FLUFFY PILLOWS
 422 , FLUFFY PILLOWS & SOFT BLANKETS
 423 , FLUFFY ROBE
 424 , FLUFFY TOWELS
 425 , FLUFFY WHITE TOWELS
 426 , FLUSHABLE BATHROOM WIPES
 427 , FOAMING FACE WASH
 428 , FOAMING HAND SOAP
 429 , FOG-FREE SHOWER MIRROR
 430 , FOLDING CARD TABLE
 431 , FOLDING CHAIR
 432 , FOLDING HAMMOCK
 433 , FOOT STOOL
 434 , FOOTSTOOL
 435 , FOUR-PIECE PATIO FURNITURE SET
 436 , FOUR-PIECE PATIO-FURNITURE SET
 437 , FOUR-PIECE-PATIO-FURNITURE SET
 438 , FOUR-POSTER BEDS
 439 , FRAMED ARTWORK
 440 , FRAMED FAMILY PHOTOGRAPH
 441 , FRAMED MIRROR
 442 , FRAMED POSTER
 443 , FREESTANDING PANTRY
 444 , FRENCH DOORS
 445 , FRENCH ROLLING PIN
 446 , FRENCH-MILLED SOUP
 447 , FRESH CLEAN TOWELS
 448 , FRESH LINENS
 449 , FRESH LINES
 450 , FRESH SMELLING BATHROOM DRAIN
 451 , FRESH-SMELLING BATHROOM DRAIN
 452 , FRESHLY CLEANED SHOWER DOOR
 453 , FRESHLY MOPPED FLOOR
 454 , FRILLY APRON
 455 , FRONT-LOADING WASHING MACHINE
 456 , FRONT-PORCH SWING
 457 , FRUIT-SCENTED HAND SOAP
 458 , FULL LENGTH FLOOR MIRROR
 459 , FULL- LEGNTH FLOOR MIRROR
 460 , FULL-LENGTH BATH ROBE
 461 , FULL-LENGTH BATHROBE
 462 , FULL-LENGTH FLOOR MIRROR
 463 , FULL-LENGTH MIRROR
 464 , FULLY-EQUIPPED KITCHEN
 465 , FUR COAT
 466 , FUR-TRIMMED PARKA
 467 , FUZZY SLIPPERS
 468 , GALOSHES
 469 , GARAGE CABINETS
 470 , GARAGE DOOR
 471 , GARAGE-DOOR OPENER
 472 , GARBAGE BAG TWIST TIES
 473 , GARDEN GNOMES
 474 , GARDEN HAMMOCK
 475 , GARDEN HOE
 476 , GARDEN HOSE
 477 , GARDEN RAKE
 478 , GARDEN TOOLS
 479 , GARDENING GLOVES
 480 , GARDENING TOOLS
 481 , GAS GRILL
 482 , GAS PUMPS
 483 , GILDED PICTURE FRAME
 484 , GLASS DISH
 485 , GLASS FIGURINES
 486 , GLASS PATIO DOORS
 487 , GLASS SHOWER DOOR
 488 , GLASS STRING LIGHTS
 489 , GLASS VOTIVE
 490 , GLASS WINDOW
 491 , GLASS-JAR TERRARIUM
 492 , GLASS-SPHERE PAPERWEIGHT
 493 , GLASSWARE & COASTERS
 494 , GLUE STICK
 495 , GOLD LIGHT FIXTURES
 496 , GOLD-PLATED CANDLE HOLDERS
 497 , GOLD-PLATED CANDLEHOLDERS
 498 , GOOSE DOWN PILLOW
 499 , GOOSE DOWN PILLOWS
 500 , GRANDMOTHER'S FUR COAT
 501 , GRANITE COUNTERTOPS
 502 , GRAVY BOAT AND LADLE
 503 , GREEN-TEA FACIAL SCRUB
 504 , GRILL GLOVES
 505 , GUEST BED
 506 , GUEST BEDROOM
 507 , GUEST TOWELS
 508 , HAIR DRYER
 509 , HAIR GEL
 510 , HAIR RIBBONS
 511 , HAIRBRUSH
 512 , HALLWAY RUNNER
 513 , HALOGEN LAMP
 514 , HAMMERS & SCREWDRIVERS
 515 , HAND LOTION
 516 , HAND LOTION WITH LANOLIN
 517 , HAND SANITIZER
 518 , HAND SOAP
 519 , HAND-HELD SHOWERHEAD
 520 , HAND-PAINTED SILK FANS
 521 , HAND-WOVEN WICKER BASKET
 522 , HANDBLOWN CRYSTAL WINE GLASSES
 523 , HANDBLOWN GLASS BOWL
 524 , HANDCRAFTED FURNITURE
 525 , HANDCRAFTED SOLID OAK TOY CHEST
 526 , HANDCRAFTED WALL DECOR
 527 , HANDHELD SHOWER WAND
 528 , HANDHELD VACUUM
 529 , HANDMADE SCENTED SOAPS
 530 , HANDWOVEN LOUNGER
 531 , HANDWOVEN BAMBOO MATS
 532 , HANDWOVEN BLANKET
 533 , HANDWOVEN HAMPER
 534 , HANDWOVEN LOUNGER
 535 , HANDWOVEN WICKER BASKET
 536 , HANDWOVEN WOOL BLANKETS
 537 , HANDY TOOLBOX
 538 , HANDY TOOLS
 539 , HANGING LAMP
 540 , HANGING WALL BASKET
 541 , HARD CUSHION
 542 , HARDWOOD FLOORS
 543 , HD RECEIVER
 544 , HEATED TOWEL BAR
 545 , HEAVY-DUTY TRASH BAGS
 546 , HEDGE CLIPPERS
 547 , HEDGE TRIMMER WITH SWEEPER TOOL ATTACHMENT
 548 , HERBAL BODY WASH
 549 , HIGH DEFINITION SPEAKERS
 550 , HIGH TABLE WITH BARSTOOLS
 551 , HIGH THREAD COUNT SHEETS
 552 , HIGH THREAD-COUNT SHEETS
 553 , HIGH-DEFINITION PLASMA TV
 554 , HIGH-DEFINITION SPEAKERS
 555 , HIGH-THREAD-COUNT SHEETS
 556 , HOBBY ROOM
 557 , HOLIDAY PLACE SETTING
 558 , HOLIDAY-THEMED SWEATERS
 559 , HOME ESSENTIALS
 560 , HOME MOVIES ON SIXTEEN MILLIMETER FILM
 561 , HOME MOVIES ON SIXTEEN-MILLIMETER FILM
 562 , HOME SODA MAKER
 563 , HOME THEATER SYSTEM
 564 , HOME-OFFICE FURNITURE
 565 , HOMEMADE CLEANERS
 566 , HOODED DOWN JACKET
 567 , HORIZONTAL METAL SHED
 568 , HOT GLUE GUN
 569 , HOT WATER HEATER
 570 , HUMIDIFIER
 571 , I'LL TRY ANYTHING ONCE UPON A TIME
 572 , ICE BUCKET AND TONGS
 573 , INCENSE BURNER
 574 , INDUSTRIAL STRENGTH RUBBER GLOVES
 575 , INDUSTRIAL-STRENGTH RUBBER GLOVES
 576 , INEDIBLE DINING EXPERIENCE
 577 , INSECT REPELLENT
 578 , INSULATED CURTAIN
 579 , INSULATED CURTAINS
 580 , IRON COAT RACK
 581 , IRONING BOARD
 582 , JEWELRY ORGANIZER
 583 , JUNK DRAWER
 584 , KEEPSAKE COLLECTION
 585 , KEYS & GADGETS
 586 , KITCHEN APPLIANCES
 587 , KITCHEN CABINETS
 588 , KITCHEN COUNTER
 589 , KITCHEN CURTAINS
 590 , KITCHEN GADGETS
 591 , KITCHEN HUTCH
 592 , KITCHEN ISLAND
 593 , KITCHEN ORGANIZERS
 594 , KITCHEN PANTRY
 595 , KITCHEN TABLE
 596 , KITCHEN UTENSILS
 597 , KITTY LITTER
 598 , KNIT GLOVES
 599 , KNITTING NEEDLES
 600 , LACE TABLECLOTH
 601 , LAPTOP COMPUTER
 602 , LARGE COFFEE TABLE
 603 , LAUNDRY BAG
 604 , LAUNDRY BASKET
 605 , LAUNDRY BASKETS
 606 , LAUNDRY DETERGENT
 607 , LAUNDRY DETERGENT WITH BLEACH
 608 , LAUNDRY HAMPER
 609 , LAVENDER SCENTED BODY LOTION
 610 , LAWN & LEAF BAGS
 611 , LAWN FURNITURE
 612 , LAWN ORNAMENTS
 613 , LAWN SPRINKLER
 614 , LEAKING FAUCET
 615 , LEAKY FAUCET
 616 , LEATHER COUCH
 617 , LEATHER LAMPSHADE
 618 , LEATHER OTTOMAN
 619 , LEATHER RECLINER
 620 , LEATHER SOFA
 621 , LEATHER WALLET
 622 , LED FLASHLIGHT
 623 , LED LAMP
 624 , LED LIGHTLIGHT
 625 , LEMON-SCENTED ALL-PURPOSE CLEANERS
 626 , LETTER OPENER
 627 , LIGHT BULB
 628 , LIGHT FIXTURES
 629 , LIGHT REFRESHMENTS
 630 , LIGHT SWITCHES
 631 , LIGHT WINDBREAKER
 632 , LIGHTED HOLIDAY SCULPTURES
 633 , LIGHTED MAKEUP MIRROR
 634 , LIGHTING FIXTURES
 635 , LIGHTWEIGHT JACKET
 636 , LIGHTWEIGHT SWEATER
 637 , LIGHTWEIGHT TOWELS
 638 , LINEN CLOSET
 639 , LINEN DINING CHAIRS
 640 , LINEN NAPKINS
 641 , LINEN NAPKINS & NAPKIN RINGS
 642 , LINEN TABLECLOTH
 643 , LINOLEUM FLOORS
 644 , LINT BRUSH
 645 , LINT ROLLER
 646 , LINT-FREE POLISHING CLOTHS
 647 , LIPSTICK MASCARA POWDER & BLUSH
 648 , LIQUID BLEACH
 649 , LIQUID SOAP
 650 , LIVING ROOM FURNITURE
 651 , LIVING-ROOM DRAPES
 652 , LOCKABLE CABINET
 653 , LONG WOOL SCARF
 654 , LOOFAH SPONGE
 655 , LOUNGE CHAIRS & SOFAS
 656 , LOUNGING PAJAMAS
 657 , LOVELY TABLE SETTING
 658 , LUBRICANT EYE DROPS
 659 , LUXURIOUS SHEETS
 660 , MAGAZINE RACK
 661 , MAGNIFICENT CENTERPIECE
 662 , MAHOGANY BACKGAMMON SET
 663 , MAHOGANY COFFEE TABLE
 664 , MAHOGANY HEADBOARD
 665 , MAKEUP BRUSH
 666 , MAKEUP REMOVER
 667 , MARBLE FLOORS
 668 , MARBLE SIDE TABLE
 669 , MARBLE TABLE LAMP
 670 , MARITAL AID
 671 , MARTINI GLASSES
 672 , MASSAGE CHAIR
 673 , MATCHING BATHMATS & SHOWER CURTAINS
 674 , MATCHING COUCH & LOVE SEAT
 675 , MATCHING GLOVES
 676 , MATCHING NIGHTSTANDS
 677 , MATCHING TOWELS & SHOWER CURTAINS
 678 , MEMO PAD
 679 , MEMO PAD AND PENCIL
 680 , MEMORY-FOAM PET MAT
 681 , MEN'S DRESS WATCH
 682 , MEN'S PLAID SCARF
 683 , MESH LAUNDRY BAG
 684 , METAL BED FRAME
 685 , METAL BOOKSHELF
 686 , METAL DISH RACK
 687 , METAL PATIO FURNITURE
 688 , METAL WATERING CAN
 689 , METAL WINE RACK
 690 , METAL-FRAMED WALL MIRROR
 691 , METRO-GOLDWYN-MAYER
 692 , MICROFIBER CLOTHS
 693 , MICROWAVE-SAFE DISH
 694 , MINI-CHOPPER
 695 , MINTY MOUTHWASH
 696 , MODERN CHANDELIERS
 697 , MODERN GLASSWARE
 698 , MODERN HOME DECOR
 699 , MODERN HOME FURNISHINGS
 700 , MODERN LIGHTING & INDOOR LAMPS
 701 , MODERN SILVERWARE
 702 , MODERN STANDING LAMP
 703 , MODERN WALL CLOCK
 704 , MOISTURIZING BODY WASH
 705 , MOISTURIZING CREAM
 706 , MOISTURIZING FACE CREAM
 707 , MOISTURIZING SHAMPOO
 708 , MOLD & MILDEW STAIN REMOVER
 709 , MONOGRAMMED BEACH TOWELS
 710 , MONOGRAMMED GLASSWARE
 711 , MONOGRAMMED NOTE CARDS
 712 , MONOGRAMMED PILLOWS
 713 , MOSAIC TABLE
 714 , MOUSEPAD
 715 , MOUTHWASH
 716 , MULISURFACE CLEANER WITH VINEGAR
 717 , MULTISURFACE CLEANER WITH VINEGAR
 718 , MUSCLE TANK TOP
 719 , MUSIC BOX
 720 , MY FAVORITE JEANS
 721 , MY SON'S RACECAR BED
 722 , MY WEDDING CHINA
 723 , NAIL CLIPPERS
 724 , NEEDLEPOINT PILLOWS
 725 , NEW CABINETS
 726 , NEW FURNITURE
 727 , NEW KITCHEN APPLIANCES
 728 , NEW PATIO SET
 729 , NEW WARDROBES
 730 , NEW WINDOW SCREENS
 731 , NEW WINEGLASSES
 732 , NEWLY-UPHOLSTERED ARMCHAIR
 733 , NICE SOFA
 734 , NIGHTSTAND
 735 , NIKE COTTON HOODIE
 736 , NOVELTY TALKING BOTTLE-OPENER
 737 , OAK BOOKCASE
 738 , OAK COFFEE TABLE
 739 , OIL-FREE EYE MAKEUP REMOVER
 740 , OIL-FREE EYE-MAKEUP REMOVER
 741 , OILED DOOR HINGES
 742 , OLD FAMILY KEEPSAKES
 743 , OLD JIGSAW-PUZZLE BOX
 744 , OLD PHOTOGRAPHS
 745 , OLD SHOEBOX
 746 , OLD SNEAKERS
 747 , OLD-FASHIONED BATHTUB
 748 , OLD-FASHIONED WINDOW SHUTTERS
 749 , OLIVE-OIL BODY WASH
 750 , ORECK COMMERCIAL VACUUM CLEANER
 751 , OREGON COAST TRAIL MIX
 752 , OUTDOOR FIREPIT
 753 , OUTDOOR FURNITURE
 754 , OUTDOOR GARDEN FURNITURE
 755 , OUTDOOR PILLOWS
 756 , OUTDOOR RUGS
 757 , OVERSIZED ACCENT OTTOMAN
 758 , OVERSIZED BATHTUB
 759 , OVERSIZED WINDOWS
 760 , OVERSTUFFED CHAIR
 761 , OVERSTUFFED COUCH
 762 , OXYGEN BLEACH
 763 , PACKED STORAGE CLOSET
 764 , PAINTED CERAMIC BOWL
 765 , PAINTED CERAMIC PLANTERS
 766 , PAINTED FAMILY PORTRAIT
 767 , PAIR OF PAJAMAS
 768 , PAIR OF SCISSORS
 769 , PAPER STRAWS
 770 , PARTY NAPKINS
 771 , PATCHWORK BEDSPREAD
 772 , PATCHWORK QUILT
 773 , PATIO DINING SET
 774 , PATIO FURNITURE
 775 , PATIO RUG
 776 , PATTERNED LOVE SEAT
 777 , PATTERNED RUGS
 778 , PATTERNED-FABRIC SHOWER CURTAIN
 779 , PEACE SIGN PENDANT
 780 , PEACE-SIGN PENDANT
 781 , PENNY LOAFERS
 782 , PENS AND PENCILS
 783 , PEOPLE
 784 , PERSIAN RUG
 785 , PERSONAL COMPUTER
 786 , PERSONAL ROBOTIC BARTENDER
 787 , PET STAIN & ODOR REMOVER
 788 , PHILLIPS SCREWDRIVER
 789 , PHOTO ALBUM
 790 , PICNIC TABLECLOTH
 791 , PICTURE FRAME
 792 , PILLOW-TOP MATTRESS
 793 , PINCUSHION
 794 , PINE JEWELRY BOX
 795 , PINK SILK SCARF
 796 , PIZZA CUTTER
 797 , PLAID FLANNEL SHIRT
 798 , PLAID PAJAMAS
 799 , PLAID TRENCH COAT
 800 , PLAID WOOL THROW
 801 , PLANT STANDS
 802 , PLANT-BASED FLOOR CLEANER
 803 , PLASTIC BAGS
 804 , PLASTIC CLOTHES HANGERS
 805 , PLASTIC COASTERS
 806 , PLASTIC COMB
 807 , PLASTIC DROP CLOTH
 808 , PLASTIC SHOWER CADDY
 809 , PLASTIC SPRAY BOTTLE
 810 , PLASTIC STORAGE CONTAINERS
 811 , PLATE-GLASS WINDOW
 812 , PLUMBING FIXTURES
 813 , PLUSH BATHROBE
 814 , PLUSH CARPET
 815 , PLUSH SEATS
 816 , POCKET COMB
 817 , POLISHED BRASS FRAMES
 818 , POLISHED CAST-IRON RAILINGS
 819 , POLISHED-BRASS FRAMES
 820 , POLISHING WAX
 821 , POP ICON
 822 , PORCELAIN CUPS
 823 , PORCELAIN NIGHT LIGHTS
 824 , PORCELAIN NIGHT-LIGHTS
 825 , PORCELAIN VASE
 826 , PORCELAIN VASES
 827 , PORCH SWING
 828 , PORCH SWINGS
 829 , PORTABLE BATTERY CHARGER
 830 , PORTABLE GRILL
 831 , PORTABLE HEATER
 832 , PORTABLE PHONOGRAPHS
 833 , PORTABLE SPEAKER SYSTEM
 834 , PORTABLE SPEAKERS
 835 , PORTABLE TELEVISION
 836 , PORTABLE WIRELESS OUTDOOR SPEAKER
 837 , POSTAGE STAMP
 838 , POTPOURRI BOWL
 839 , POWER LAWN MOWER
 840 , POWER STRIP
 841 , POWER-RECLINING SOFA
 842 , POWERFUL DISH DETERGENT
 843 , PRE-PRINTED ADDRESS LABELS
 844 , PRESCRIPTION EYEGLASSES
 845 , PRESSED PILLOWCASES
 846 , PRETTY ARTISTIC PAPERCUTS
 847 , PRETTY FINE-CUT CRYSTAL GLASSWARE
 848 , PRINTED COTTON SHEETS
 849 , PRIVATE SWIMMING POOL
 850 , PRUNING SHEARS
 851 , PUFFY BEANBAG CHAIR
 852 , PURE ESSENTIAL OILS
 853 , QUEEN-SIZE BED
 854 , QUEEN-SIZE UPHOLSTERED PANEL BED
 855 , RAKE & SHOVEL
 856 , RAKE AND SHOVEL
 857 , READING DESK
 858 , READING PILLOW
 859 , READY TO WEAR JACKETS
 860 , READY-TO-WEAR JACKETS
 861 , RECHARGEABLE ELECTRIC TOOTHBRUSH
 862 , RECLINING CHAIR
 863 , RECLINING LOUNGE CHAIR
 864 , RECTANGULAR PLATTER
 865 , RECYCLED GLASS VASE
 866 , RECYCLING BIN
 867 , RED & WHITE CHECKERED TABLECLOTH
 868 , RED CHECKERED TABLECLOTHS
 869 , RED WHITE & BLUE TABLE SETTING
 870 , RED-CHECKERED TABLECLOTHS
 871 , REMOTE CONTROL
 872 , REMOVABLE SHELVES
 873 , RESTORED ROCKING HORSE
 874 , RETRACTABLE AWNING
 875 , RETRACTABLE SCREEN DOOR
 876 , REUSABLE SHOPPING BAG
 877 , REVERSIBLE PLACE MATS
 878 , RIDING LAWN MOWER
 879 , ROBOT VACUUM CLEANER
 880 , ROBOTIC VACUUM
 881 , ROCKING CHAIR
 882 , ROLL OF TOILET PAPER
 883 , ROLL-TOP DESK
 884 , ROMANTIC CANOPY BED
 885 , ROOMY HALL CLOSET
 886 , ROUND DINING TABLE
 887 , RUBBER BOOTS
 888 , RUBBER DUCKY
 889 , RUBBING ALCOHOL
 890 , RUFFLED BEDSPREAD
 891 , RUSTIC METAL DECORATIONS
 892 , RUSTIC WOODEN TABLE
 893 , SAFETY PINS
 894 , SALAD BOWL
 895 , SANITIZED GARBAGE BAGS
 896 , SANITIZED GARBAGE PAILS
 897 , SATELLITE TELEVISION
 898 , SATIN BEDSHEETS
 899 , SATIN SHEETS
 900 , SATIN SLIP
 901 , SCENTED BAR OF SOAP
 902 , SCENTED BATH OIL
 903 , SCENTED BATH SOAPS
 904 , SCENTED BODY LOTION
 905 , SCENTED CANDLE
 906 , SCENTED CANDLES
 907 , SCENTED DECORATIVE CANDLES
 908 , SCENTED HAND LOTION
 909 , SCENTED HAND SOAP
 910 , SCENTED HAND SOAP & MOISTURIZER
 911 , SCENTED HANGERS
 912 , SCENTED LOTION
 913 , SCENTED MINI-CANDLES
 914 , SCENTED SHOWER GEL
 915 , SCRAP PAPER
 916 , SCRAPBOOKS
 917 , SCRATCHING POST
 918 , SECTIONAL COVERS
 919 , SECTIONAL SOFA
 920 , SELF STICKING ADDRESS LABELS
 921 , SET OF SIX SHOT GLASSES
 922 , SEWING MACHINE
 923 , SHAG CARPETING
 924 , SHAMPOO & CONDITIONER
 925 , SHARP SCISSORS
 926 , SHAVING CREAM
 927 , SHEER LINEN CURTAINS
 928 , SHEETS AND PILLOWCASES
 929 , SHOE RACK
 930 , SHOEBOX
 931 , SHOEBOX FILLED WITH RECEIPTS
 932 , SHORT DRINKING GLASSES
 933 , SHOWER
 934 , SHOWER CADDY
 935 , SHOWER CURTAIN
 936 , SHOWER GEL
 937 , SHOWER RADIO
 938 , SHOWER STALL
 939 , SHRIMP PASTA
 940 , SIDE-BY-SIDE REFRIGERATOR
 941 , SIDEBOARD SET
 942 , SIDEBOARDS HUTCHES & CONSOLES
 943 , SILK BED LINENS
 944 , SILVER CANDLESTICK
 945 , SILVER CANDLESTICKS
 946 , SILVER FLATWARE
 947 , SILVER LIGHT FIXTURES
 948 , SILVER PEARL HAIRPIN
 949 , SILVER PLATTER
 950 , SILVER PLATTERS
 951 , SILVER SERVING TRAY
 952 , SIMPLE & FLAVORFUL INGREDIENTS
 953 , SKIN CARE PRODUCTS
 954 , SKIN CREAM
 955 , SKIN MOISTURIZER
 956 , SKIN-SOOTHING LOTION
 957 , SLEEPING CAP
 958 , SLIDING GLASS DOOR
 959 , SLIDING GLASS DOORS
 960 , SLIDING GLASS SHOWER DOOR
 961 , SLIDING MIRRORED DOORS
 962 , SLIDING-GLASS SHOWER DOOR
 963 , SMALL COFFEE TABLE
 964 , SMALL SPACE HEATER
 965 , SMALL TEACUP
 966 , SMALL TOOLKIT
 967 , SMART TOUCH REFRIGERATOR
 968 , SNOWBLOWER
 969 , SOAP DISH
 970 , SOAP ON A ROPE
 971 , SOCK DRAWER
 972 , SOFA & LOVE SEAT
 973 , SOFA BED
 974 , SOFA COVER
 975 , SOFA CUSHION
 976 , SOFA CUSHIONS
 977 , SOFAS & COUCHES
 978 , SOFAS & LOUNGE CHAIRS
 979 , SOFAS & SECTIONALS
 980 , SOFT & COMFY COUCH CUSHION
 981 , SOFT & FURRY BLANKET
 982 , SOFT BATHMAT
 983 , SOFT BLANKET
 984 , SOFT COMFORTER
 985 , SOFT COTTON BATHROBE
 986 , SOFT COTTON ROBE
 987 , SOFT FEATHER BEDS
 988 , SOFT FLUFFY PILLOW
 989 , SOFT PILLOW
 990 , SOFT PILLOWCASE
 991 , SOFT PILLOWCASES & SHAMS
 992 , SOFT PLUSH CARPETING
 993 , SOFT SOFA
 994 , SOFT VELVET PILLOWS
 995 , SOFT WARM BLANKETS
 996 , SOLID BRASS DOORSTOP
 997 , SOLID OAK ARMOIRE
 998 , SOLID PINE DOOR
 999 , SOLID WOODEN TABLE
 1000, SOLID-OAK BOOKCASE
 1001, SOOTHING BATH SALTS
 1002, SPACE HEATER
 1003, SPANISH - PENDANT LAMPS
 1004, SPANISH-PENDANT LAMPS
 1005, SPARE FLASHLIGHT
 1006, SPARE KEYS
 1007, SPARKLING-CLEAN BATHTUB
 1008, SPECIALTY SOAPS
 1009, SPICE GRINDER
 1010, SPRAY BOTTLE FILLED WITH WARM WATER
 1011, SPRAY COLOGNE
 1012, SPRING FLOWER ARRANGEMENT
 1013, SQUARE DINING TABLE
 1014, SQUARE PLATTER
 1015, SQUEAKY DOOR
 1016, STACK OF COMIC BOOKS
 1017, STACKABLE PLASTIC STORAGE CONTAINERS
 1018, STAINLESS STEEL BATH ACCESSORIES
 1019, STAINLESS STEEL DISHWASHER
 1020, STAINLESS STEEL POLISH
 1021, STAINLESS-STEEL BATH ACCESSORIES
 1022, STAINLESS-STEEL POLISH
 1023, STAINLESS-STEEL SOAP PUMP
 1024, STANDING HALOGEN LAMP
 1025, STANDING LAMPS
 1026, STANDING MIRROR
 1027, STEAM IRON
 1028, STEAM MOP
 1029, STEEL OUTDOOR FIREPIT
 1030, STEEL TOOLBOX
 1031, STEP STOOL
 1032, STEPLADDER
 1033, STEREO HEADPHONES
 1034, STEREO HI-FI CONSOLE
 1035, STEREO SPEAKERS
 1036, STERLING SILVER SERVING DISH
 1037, STOCKING HUNG ON THE FIREPLACE MANTEL
 1038, STOCKINGS HUNG ON THE FIREPLACE MANTEL
 1039, STONE CUT FLOORS
 1040, STONE FIREPLACE
 1041, STONE-CUT FLOOR
 1042, STORAGE BENCH
 1043, STORAGE FOOTBOARD
 1044, STRAW WELCOME MAT
 1045, STRAWBERRY SHOWER GEL
 1046, STRIPED BATHMAT
 1047, STRIPED RUG
 1048, STRIPED WALLPAPER
 1049, STUNNING TABLE SETTING
 1050, STURDY SHELVES
 1051, STURDY WOODEN TABLE
 1052, STYLING GEL & HAIRBRUSH
 1053, STYLING GEL AND HAIRBRUSH
 1054, STYLISH BALLET FLATS
 1055, STYLISH PATIO LIGHTS
 1056, STYLISH POLE LAMPS
 1057, STYLISH WALL HANGINGS
 1058, STYLISH WARM SWEATER
 1059, SUDSY SOAP
 1060, SUEDE COUCH
 1061, SUIT PANTS
 1062, SUNBURST CLOCK
 1063, SURROUND SOUND SPEAKERS
 1064, SURROUND SOUND STEREO
 1065, SURROUND Â SOUND SPEAKERS
 1066, SURROUND-SOUND SPEAKERS
 1067, SWEATER BEANIES
 1068, SWEDISH CUCKOO CLOCK
 1069, SWEET SMELLING SOAP
 1070, SWEET-SMELLING SHAMPOO
 1071, SWEET-SMELLING SOAP
 1072, SWIVEL ARMCHAIR
 1073, TABLE CENTERPIECE
 1074, TABLE LAMP
 1075, TABLE LINENS
 1076, TABLE SETTINGS
 1077, TABLES & CHAIRS
 1078, TABLES AND CHAIRS
 1079, TABLEWARE
 1080, TACKLE BOX
 1081, TALCUM POWDER
 1082, TALL BAMBOO SCREENS
 1083, TALL BUILDING
 1084, TALL COFFEE TABLE
 1085, TEAL ACCENT CHAIR
 1086, TEAPOT
 1087, TELEPHONE JACK
 1088, TELEVISION CONSOLE
 1089, TERRY-CLOTH BATHROBE
 1090, THE CITY OF CHICAGO
 1091, THE GOOD CHINA
 1092, THICK BATH TOWEL
 1093, THICK BATH TOWELS
 1094, THICK PLUSH WALL-TO-WALL CARPETING
 1095, THICK WOOL SNOW GLOVES
 1096, THIGH-HIGH STOCKINGS
 1097, THREE-PIECE CANISTER SET
 1098, THREE-TIERED SHELVES
 1099, THROW PILLOW
 1100, THROW PILLOWS
 1101, THROW RUGS
 1102, THROWS & BLANKETS
 1103, THROWS AND BLANKETS
 1104, THUMBTACK
 1105, TIE & BELT RACK
 1106, TIFFANY LAMP
 1107, TIN PAIL
 1108, TISSUE DISPENSER
 1109, TISSUE PAPER
 1110, TO-DO LIST
 1111, TOILET BOWL CLEANER
 1112, TOILET BRUSH
 1113, TOOL CHESTS
 1114, TOOLKITS
 1115, TOOTHBRUSH
 1116, TOOTHPASTE AND MOUTHWASH
 1117, TOOTHPASTE WITH BAKING SODA AND PEROXIDE
 1118, TOOTHPICKS
 1119, TOWEL RACKS
 1120, TOWER CLOCKS
 1121, TOY TELEPHONE
 1122, TRADITIONAL BUNK BEDS
 1123, TRASH CAN
 1124, TREES & SHRUBBERY
 1125, TRIAL SIZE TOILETRIES
 1126, TRICK-OR-TREAT
 1127, TRUNK IN THE ATTIC
 1128, TUB-AND-TILE CLEANER
 1129, TUBE SOCK
 1130, TUBE SOCKS
 1131, TWIN BEDS
 1132, TWIST TIES
 1133, TWO-DRAWER NIGHTSTAND
 1134, TWO-TONE STRIPED SCARF
 1135, TWO-TONED STRIPED SCARF
 1136, UGLY SWEATER
 1137, UNIQUE DECOR
 1138, UNIVERSAL REMOTE CONTROL
 1139, UNSCENTED BABY POWDER
 1140, UPHOLSTERED FURNITURE
 1141, UPHOLSTERED OTTOMAN
 1142, UPRIGHT VACUUM
 1143, UPRIGHT VACUUM CLEANER
 1144, UPSCALE FURNITURE
 1145, UPSIDE-DOWN TOMATO PLANTER
 1146, UTENSIL DRAWER
 1147, UTILITY DRAWER
 1148, VACUUM CLEANER
 1149, VACUUM CLEANER BAG
 1150, VANITY BENCH
 1151, VASE FULL OF FLOWERS
 1152, VAULTED CEILINGS
 1153, VELVET DRAPES
 1154, VELVET PILLOWS
 1155, VERTICAL BLINDS
 1156, VINYL CHECKERED TABLECLOTH
 1157, WALK-IN CLOSET
 1158, WALK-IN PANTRY
 1159, WALK-IN SHOWER
 1160, WALL ART
 1161, WALL CLOCK
 1162, WALL DECOR & MIRRORS
 1163, WALL HOOKS
 1164, WALL ORGANIZER
 1165, WALL OUTLETS
 1166, WALL-MOUNTED BOOKCASES
 1167, WALL-MOUNTED SHELVES
 1168, WALL-TO-WALL CARPETING
 1169, WALLPAPER & PANELING
 1170, WALLPAPER SHEETS
 1171, WARM FUZZY BLANKET
 1172, WARM PULLOVER SWEATER
 1173, WARM RED-WOOL SWEATER
 1174, WARM TEA
 1175, WASHER & DRYER
 1176, WATERFALL BATHROOM FAUCET
 1177, WAX FRUIT
 1178, WEDDING ALBUM
 1179, WEED KILLER
 1180, WELCOME MAT
 1181, WELL-STOCKED CRAFT CLOSET
 1182, WELL-STOCKED PANTRY
 1183, WET & DRY VACUUM
 1184, WET MOPPING PADS
 1185, WHILE-YOU-WERE-OUT MESSAGE PAD
 1186, WHISKBROOM
 1187, WHITE GOOSE DOWN COMFORTER
 1188, WHITE PICKET FENCE
 1189, WHITE TABLECLOTHS & LINEN NAPKINS
 1190, WHITENING TOOTHPASTE
 1191, WICKER PATIO FURNITURE
 1192, WIDE TOOTHED COMB
 1193, WIDE-BRIM SUN HAT
 1194, WINDBREAKER
 1195, WINDOW AIR CONDITIONER
 1196, WINDOW BLINDS
 1197, WINDOW BOX
 1198, WINDOW COVERING
 1199, WINDOW COVERINGS
 1200, WINDOW DRESSING
 1201, WINDOW SHADES
 1202, WINDOW SHUTTERS
 1203, WINDOW TREATMENTS
 1204, WINDOWPANES
 1205, WINE BOTTLE
 1206, WINE RACK
 1207, WIRELESS GAMING CONTROLLER
 1208, WIRELESS HEADPHONES
 1209, WIRELESS HOME-SECURITY SYSTEM
 1210, WIRELESS PHONE
 1211, WIRELESS REMOTE CONTROL
 1212, WOOD BOOKMARK
 1213, WOOD BUFFET
 1214, WOOD BUREAU
 1215, WOOD FURNISHINGS
 1216, WOOD GLUE
 1217, WOOD-GRAINED PANELING
 1218, WOOD-PANELED CEILING
 1219, WOODEN BOOKENDS
 1220, WOODEN BOOKSHELF
 1221, WOODEN BOOKSHELVES
 1222, WOODEN CABINETS
 1223, WOODEN COFFEE TABLE
 1224, WOODEN DINING BUFFET
 1225, WOODEN DOOR
 1226, WOODEN DOUBLE DOORS
 1227, WOODEN END TABLE
 1228, WOODEN INCENSE BURNER
 1229, WOODEN SHELF
 1230, WOODEN SHUTTERS
 1231, WOODEN STEPLADDER
 1232, WOODEN TABLE
 1233, WOOL PAJAMAS
 1234, WOOL SHAG RUG
 1235, WOOL V-NECK SWEATER
 1236, WOOL ZIP CARDIGAN SWEATER
 1237, WORKBENCH TABLE
 1238, WORN SNEAKERS
 1239, WOVEN PILLOW COVERS
 1240, WOVEN PLACE MATS
 1241, WOVEN PLACEMATS
 1242, WOVEN PLACEMENTS
 1243, WRITING A LOVE LETTER
 1244, WROUGHT-IRON CHANDELIERS
 1245, YELLOW SUNDRESS
 