id, phrase
1   , A BEAUTIFUL MIND
2   , A BEAUTIFUL PLANET
3   , A BIGGER SPLASH
4   , A CHRISTMAS CAROL
5   , A CHRISTMAS STORY
6   , A CLOCKWORK ORANGE
7   , A FISH CALLED WANDA
8   , A FISTFUL OF DOLLARS
9   , A FISTFULL OF DOLLARS
10  , A GOOD DAY TO DIE HARD
11  , A MILLION WAYS TO DIE IN THE WEST
12  , A NIGHT AT THE OPERA
13  , A NIGHT IN OLD MEXICO
14  , A NIGHTMARE ON ELM STEET
15  , A ROMANCE IN SHANGHAI
16  , A STAR IS BORN
17  , A STREETCAR NAMED DESIRE
18  , A SUMMER PLACE
19  , A TIME TO KILL
20  , A WOMAN CALLED GOLDA
21  , ABOUT LAST NIGHT
22  , ABOUT TIME
23  , ACE VENTURA: PET DETECTIVE
24  , ACT OF VALOR
25  , ADVENTURELAND
26  , ADVENTURES IN BABYSITTING
27  , AFRICA UNITED
28  , AFRICAN CATS
29  , AFRICAN QUEEN
30  , AFTER EARTH
31  , AIN'T THEM BODIES SAINTS
32  , AIR FORCE ONE
33  , AIRPLANE
34  , AIRPLANE!
35  , ALFRED HITCHCOCK'S NOTORIOUS
36  , ALICE IN WONDERLAND
37  , ALICE'S ADVENTURES IN WONDERLAND
38  , ALIEN VS PREDATOR
39  , ALIENS
40  , ALL ABOUT EVE
41  , ALL THE PRESIDENT'S MEN
42  , ALL THE RIGHT MOVES
43  , ALLEGIANT
44  , ALMOST FAMOUS
45  , ALVIN AND THE CHIPMUNKS: THE ROAD CHIP
46  , AMERICAN BEAUTY
47  , AMERICAN GRAFFITI
48  , AMERICAN HISTORY X
49  , AMERICAN HUSTLE
50  , AMERICAN SPLENDOR
51  , AMISTAD
52  , AN AFFAIR TO REMEMBER
53  , AN AMERICAN IN PARIS
54  , AN AMERICAN TAIL
55  , AN AMERICAN WEREWOLF IN LONDON
56  , AN OFFICER AND A GENTLEMAN
57  , AND JUSTICE FOR ALL
58  , ANGELFISH
59  , ANGELS & DEMONS
60  , ANGELS IN THE OUTFIELD
61  , APOCALYPSE NOW
62  , ARTHUR CHRISTMAS
63  , AS GOOD AS IT GETS
64  , ATTACK OF THE CRAB MONSTERS
65  , AUGUST RUSH
66  , AVATAR
67  , AVENUE Q
68  , BACK TO SCHOOL
69  , BACK TO THE FUTURE
70  , BAD MOMS
71  , BAND OF OUTSIDERS
72  , BANG THE DRUM SLOWLY
73  , BATMAN BEGINS
74  , BATMAN FOREVER
75  , BATMAN V SUPERMAN: DAWN OF JUSTICE
76  , BEACH BLANKET BINGO
77  , BEAT STREET
78  , BEAUTY AND THE BEAST
79  , BEDKNOBS AND BROOMSTICKS
80  , BEETLEJUICE
81  , BEFORE SUNRISE
82  , BEND IT LIKE BECKHAM
83  , BETSY'S WEDDING
84  , BETWEEN THE CANALS
85  , BETWEEN THE WORLD AND ME
86  , BIG BAD WOLVES
87  , BIG NIGHT
88  , BIG TROUBLE
89  , BIG TROUBLE IN LITTLE CHINA
90  , BIG WEDNESDAY
91  , BLACK HAWK DOWN
92  , BLACK SUNDAY
93  , BLACK SWAN
94  , BLACKFISH
95  , BLADE RUNNER
96  , BLAME IT ON RIO
97  , BLAZING SADDLES
98  , BLUE CRUSH
99  , BLUE HAWAII
100 , BLUE IS THE WARMEST COLOR
101 , BLUE JASMINE
102 , BLUE STEEL
103 , BLUE THUNDER
104 , BLUE VALENTINE
105 , BONNIE AND CLYDE
106 , BOO! A MADEA HALLOWEEN
107 , BORN ON THE FOURTH OF JULY
108 , BORN TO BE BLUE
109 , BOYZ N THE HOOD
110 , BREAKFAST AT TIFFANY'S
111 , BREAKFAST AT TIFFANYS
112 , BREAKIN'
113 , BREAKING AWAY
114 , BRIAN'S SONG
115 , BRIDE OF THE MONSTER
116 , BRIDESMAIDS
117 , BRIDGE OF SPIES
118 , BULL DURHAM
119 , BUSINESS MEETING
120 , BUTCH CASSIDY AND THE SUNDANCE KID
121 , BYE BYE BIRDIE
122 , CADDYSHACK
123 , CAMP NOWHERE
124 , CAPTAIN AMERICA: THE FIRST AVENGER
125 , CAPTAIN BLOOD
126 , CAPTAIN LIGHTFOOT
127 , CAPTAIN PHILLIPS
128 , CASABLANCA
129 , CASINO
130 , CASINO ROYALE
131 , CELEBRATING OUR INDEPENDENCE
132 , CENTRAL INTELLIGENCE
133 , CHAIN OF FOOLS
134 , CHARIOTS OF FIRE
135 , CHARLIE AND THE CHOCOLATE FACTORY
136 , CHARLIE WILSON'S WAR
137 , CHARLIE'S ANGELS
138 , CHASING MAVERICKS
139 , CHILDREN OF MEN
140 , CHINATOWN
141 , CHITTY CHITTY BANG BANG
142 , CHOPPED JUNIOR
143 , CHRISTMAS IN CONNECTICUT
144 , CHRISTMAS WITH THE KRANKS
145 , CITIZEN KANE
146 , CITY LIGHTS
147 , CITY SLICKERS
148 , CLASH OF THE TITANS
149 , CLASS ACTION
150 , CLASS ACTIONS
151 , CLEAR AND PRESENT DANGER
152 , CLERKS
153 , CLIFFHANGER
154 , CLOCKWATCHERS
155 , CLOSE ENCOUNTERS OF THE THIRD KIND
156 , CLOSED CIRCUIT
157 , COAL MINER'S DAUGHTER
158 , COLONIA
159 , COMING TO AMERICA
160 , COMPULSION
161 , COOL RUNNINGS
162 , COUNTRY STRONG
163 , COUPLES RETREAT
164 , COWBOYS & ALIENS
165 , CRAZY HEART
166 , CRIMES AND MISDEMEANORS
167 , CRIMSON TIDE
168 , CROCODILE DUNDEE
169 , DANCES WITH WOLVES
170 , DARBY O'GILL AND THE LITTLE PEOPLE
171 , DAWN OF THE DEAD
172 , DAWN OF THE PLANET OF THE APES
173 , DAYS OF THUNDER
174 , DAYS OF WINE AND ROSES
175 , DAZED AND CONFUSED
176 , DEAD MAN WALKING
177 , DELIVERANCE
178 , DESIGNING WOMEN
179 , DESIRE UNDER THE ELMS
180 , DESPICABLE ME
181 , DESTINATION MOON
182 , DETROIT ROCK CITY
183 , DIE ANOTHER DAY
184 , DINNER WITH FRIENDS
185 , DIRTY DANCING
186 , DIRTY HARRY
187 , DIRTY PRETTY THINGS
188 , DISCLOSURE
189 , DIVINE SECRETS OF THE YA-YA SISTERHOOD
190 , DJANGO UNCHAINED
191 , DO THE RIGHT THING
192 , DOCTOR ZHIVAGO
193 , DOGTOWN AND Z-BOYS
194 , DON JON
195 , DON'T LOOK NOW
196 , DONNIE DARKO
197 , DONOVAN'S REEF
198 , DOUBLE INDEMNITY
199 , DOUBLE JEOPARDY
200 , DOUBLE-CHOCOLATE LAYER CAKE
201 , DRACULA
202 , DRACULA UNTOLD
203 , DRAGONWYCK
204 , DREAMER INSPIRED BY A TRUE STORY
205 , DRIVING MISS DAISY
206 , DUAL MANIA
207 , EAGLE EYE
208 , EASY RIDER
209 , EDWARD SCISSORHANDS
210 , EIGHT CRAZY NIGHTS
211 , EIGHT MEN OUT
212 , EL CONDOR
213 , EL NORTE
214 , EL NORTE MOVIE TITLE
215 , ELIOT & ME
216 , ELLA ENCHANTED
217 , EMPIRE OF THE SUN
218 , EMPIRE RECORDS
219 , ENCINO MAN
220 , ERASERHEAD
221 , ERIN BROCKOVICH
222 , ESCAPE FROM ALCATRAZ
223 , ESCAPE TO WITCH MOUNTAIN
224 , ETERNAL SUNSHINE OF THE SPOTLESS MIND
225 , EUROPA REPORT
226 , EVAN ALMIGHTY
227 , EVENT HORIZON
228 , EVERYONE'S HERO
229 , EXCALIBUR
230 , EXPRESS SHIPPING
231 , EYES WIDE SHUT
232 , FANTASIA
233 , FANTASTIC MR FOX
234 , FARGO
235 , FAST FIVE
236 , FELLINI'S CASANOVA
237 , FERRIS BUELLER'S DAY OFF
238 , FEVER PITCH
239 , FIELD OF DREAMS
240 , FINIAN'S RAINBOW
241 , FIVE SUMMER STORIES
242 , FOLLOWING PROCEDURE
243 , FOOTLOOSE
244 , FOR A FEW DOLLARS MORE
245 , FOR LOVE OF THE GAME
246 , FOR YOUR EYES ONLY
247 , FORBIDDEN PLANET
248 , FORGETTING SARAH MARSHALL
249 , FRACTURE
250 , FREE WILLY
251 , FRIDAY NIGHT LIGHTS
252 , FRIGHT NIGHT
253 , FROM A WHISPER
254 , FROM HERE TO ETERNITY
255 , FROM RUSSIA WITH LOVE
256 , FRONT PORCH JUNKIES
257 , FROZEN
258 , FUN WITH DICK AND JANE
259 , FUNNY FACE
260 , G-FORCE
261 , GANDHI
262 , GATOR BOYS
263 , GENTLEMAN'S AGREEMENT
264 , GENTLEMEN PREFER BLONDES
265 , GET HIM TO THE GREEK
266 , GHOST BUSTERS
267 , GHOST OF MISSISSIPPI
268 , GHOSTBUSTERS
269 , GHOSTS OF MISSISSIPPI
270 , GLENGARRY GLEN ROSS
271 , GOLDENEYE
272 , GOLDFINGER
273 , GONE GIRL
274 , GONE WITH THE WIND
275 , GOOD WILL HUNTING
276 , GOODFELLAS
277 , GORILLAS IN THE MIST
278 , GRAN TORINO
279 , GRAVITY
280 , GRIDIRON GANG
281 , GROWN UPS
282 , GRUMPY OLD MEN
283 , GUARDIANS OF THE GALAXY
284 , GUESS WHO'S COMING TO DINNER?
285 , GUMMO
286 , GUNGA DIN
287 , HAPPY FEET
288 , HEAVEN CAN WAIT
289 , HEAVEN IS FOR REAL
290 , HELLO MY NAME IS DORIS
291 , HERBIE GOES BANANAS
292 , HERE'S LUCY
293 , HIGH FIDELITY
294 , HIGH NOON
295 , HIGH PLAINS DRIFTER
296 , HIGH SCHOOL MUSICAL
297 , HIGH SEASON
298 , HIGHWATER
299 , HIGHWAYMEN
300 , HITCH
301 , HOME ALONE
302 , HOMETOWN LEGEND
303 , HONEY MONEY IN VEGAS
304 , HONEYMOON IN VEGAS
305 , HONORABLE MENTION
306 , HOPE FLOATS
307 , HORRIBLE BOSSES
308 , HORROR OF THE ZOMBIES
309 , HOT FUZZ
310 , HOTEL RWANDA
311 , HOUSE OF FRANKENSTEIN
312 , HOUSE OF SAND AND FOG
313 , HOUSE ON HAUNTED HILL
314 , HOW THE GRINCH STOLE CHRISTMAS
315 , HOW THE WEST WAS WON
316 , HOW TO GET AHEAD IN ADVERTISING
317 , HUGO
318 , I AM LEGEND
319 , I AM SAM
320 , I DREAMED OF AFRICA
321 , I WAS A TEENAGE FRANKENSTEIN
322 , ICE AGE
323 , IMMORTAL BELOVED
324 , IN BRUGES
325 , IN GOOD COMPANY
326 , IN THE TIME OF THE BUTTERFLIES
327 , INCEPTION
328 , INDEPENDENCE DAY
329 , INDIANA JONES AND THE LAST CRUSADE
330 , INDIANA JONES AND THE RAIDERS OF THE LOST ARK
331 , INLAND EMPIRE
332 , INSOMNIA
333 , INTERNAL AFFAIRS
334 , INTERSTELLAR
335 , INTO THE WILD
336 , INVASION OF THE BODY SNATCHERS
337 , INVICTUS
338 , IRON MAN
339 , IT CAME FROM OUTER SPACE
340 , IT HAD TO BE YOU
341 , IT HAPPENS EVERY SPRING
342 , IT'S A MAD MAD MAD MAD WORLD
343 , IVANHOE
344 , JABBERWOCKY
345 , JACK RYAN: SHADOW RECRUIT
346 , JAWS
347 , JERRY MAGUIRE
348 , JIM THORPE Â ALL-AMERICAN
349 , JIM THORPE-ALL-AMERICAN
350 , JOHN CARTER
351 , JOHNNY TSUNAMI
352 , JOINT SESSION OF CONGRESS
353 , JOURNEY TO THE CENTER OF THE EARTH
354 , JUDGEMENT AT NUREMBERG
355 , JULIE AND JULIA
356 , JURASSIC PARK
357 , JUST CAUSE
358 , JUST DESSERTS
359 , JUST GO WITH IT
360 , KEANU
361 , KINGDOM OF HEAVEN
362 , KINGSMAN: THE SECRET SERVICE
363 , KINGSMEN: THE SECRET SERVICE
364 , KISS ME DEADLY
365 , KONA COAST
366 , KRAMER VS KRAMER
367 , KUNG FU PANDA
368 , LA CONFIDENTIAL
369 , LA FEMME NIKITA
370 , LADIES IN LOVE
371 , LADY AND THE TRAMP
372 , LARRY CROWNE
373 , LAST TANGO IN PARIS
374 , LAST VEGAS
375 , LAW ABIDING CITIZEN
376 , LE MANS
377 , LEATHERHEADS
378 , LEAVING LAS VEGAS
379 , LETTERS TO JULIET
380 , LIAR LIAR
381 , LICENSE TO KILL
382 , LIFE OF PI
383 , LILO & STITCH
384 , LITTLE BIG LEAGUE
385 , LITTLE MISS SUNSHINE
386 , LOGAN'S RUN
387 , LONDON HAS FALLEN
388 , LONE SURVIVOR
389 , LONG GONE
390 , LORDS OF DOGTOWN
391 , LOST IN THE WILD
392 , LOST IN TRANSLATION
393 , LOVE AT FIRST BITE
394 , LOVE HAPPENS
395 , LOVE IN THE AFTERNOON
396 , LOVE IS STRANGE
397 , LOVE THE COOPERS
398 , LUCKY LOGAN
399 , LUGGAGE OF THE GODS!
400 , MAD HOT BALLROOM
401 , MAD MAX BEYOND THUNDERDOME
402 , MAID IN MANHATTAN
403 , MAJOR LEAGUE
404 , MALEFICENT
405 , MAN OF A THOUSAND FACES
406 , MARATHON MAN
407 , MARCH OF THE PENGUINS
408 , MARS ATTACK!
409 , MARS ATTACKS!
410 , MATCH POINT
411 , MEATBALLS
412 , MEET ME IN ST LOUIS
413 , MEET THE PARENTS
414 , MEN IN BLACK
415 , METROPOLIS
416 , MICHAEL CLAYTON
417 , MICKEY BLUE EYES
418 , MIDNIGHT COWBOY
419 , MIDNIGHT EXPRESS
420 , MIDNIGHT IN PARIS
421 , MIDNIGHT RUN
422 , MIGHTY JOE YOUNG
423 , MILLION DOLLAR ARM
424 , MILLION DOLLAR BABY
425 , MISS FIRECRACKER
426 , MISS FIRECRAKER
427 , MISSING LINK
428 , MISSION IMPOSSIBLE
429 , MISSION TO MARS
430 , MONEY MONSTER
431 , MONSOON WEDDING
432 , MONSTER-IN-LAW
433 , MONSTERS UNIVERSITY
434 , MONSTERS VS ALIENS
435 , MONSTERS VS ALIENS
436 , MONTY PYTHON AND THE HOLY GRAIL
437 , MOONLIGHTING
438 , MOONRAKER
439 , MOTHER AND CHILD
440 , MOULIN ROUGE
441 , MR BASEBALL
442 , MR BROOKS
443 , MR PEABODY & SHERMAN
444 , MR SMITH GOES TO WASHINGTON
445 , MRS DOUBTFIRE
446 , MUCH ADO ABOUT NOTHING
447 , MUCH ADO ABOUT NOTHINGS
448 , MUSCLE BEACH PARTY
449 , MUSEUM HOURS
450 , MUST LOVE DOGS
451 , MUTINY ON THE BOUNTY
452 , MY BEST FRIEND'S WEDDING
453 , MY BIG FAT GREEK WEDDING
454 , MY COUSIN VINNY
455 , MY DARLING CLEMENTINE
456 , MYSTERY ALASKA
457 , MYSTIC RIVER
458 , NACHO LIBRE
459 , NAPOLEON DYNAMITE
460 , NATIONAL LAMPOON'S ANIMAL HOUSE
461 , NATIONAL LAMPOON'S CHRISTMAS VACATION
462 , NATIONAL LAMPOON'S EUROPEAN VACATION
463 , NECESSARY ROUGHNESS
464 , NEVERWAS
465 , NIGHT OF THE GHOULS
466 , NIGHT OF THE LIVING DEAD
467 , NINE TO FIVE
468 , NO COUNTRY FOR OLD MEN
469 , NO WAY OUT
470 , NORM OF THE NORTH
471 , NORTH BY NORTHWEST
472 , NORTH FACE
473 , NORTH SHORE
474 , NOSFERATU
475 , NOT ANOTHER TEEN MOVIE
476 , NOT FORGOTTEN
477 , NOWHERE IN AFRICA
478 , OBSERVE AND REPORT
479 , OCEAN'S ELEVEN
480 , OCEAN'S THIRTEEN
481 , OCEAN'S TWELVE
482 , ON THE WATERFRONT
483 , ONCE UPON A TIME IN MEXICO
484 , ONCE UPON A TIME IN THE WEST
485 , ONE DAY AT A TIME
486 , ONE FLEW OVER THE CUCKOO'S NEST
487 , ONE HUNDRED AND ONE DALMATIANS
488 , ONLY ANGELS HAVE WINGS
489 , OUT OF AFRICA
490 , PACIFIC RIM
491 , PAIN & GAIN
492 , PAN'S LABYRINTH
493 , PAPA HEMINGWAY IN CUBA
494 , PAPER LION
495 , PAPER MOON
496 , PATRIOT GAMES
497 , PAWN SACRIFICE
498 , PERSONA
499 , PETER AND THE WOLF
500 , PHILADELPHIA
501 , PIRATES OF THE CARIBBEAN
502 , PITCH PERFECT
503 , PLANES TRAINS AND AUTOMOBILES
504 , PLANET OF THE APES
505 , PLATOON
506 , PLEASANTVILLE
507 , POLICE ACADEMY
508 , POLTERGEIST
509 , POPSTAR: NEVER STOP NEVER STOPPING
510 , PREDATOR
511 , PRESUMED INNOCENT
512 , PRETTY IN PINK
513 , PRETTY WOMAN
514 , PRINCESS MONONOKE
515 , PRIZZI'S HONOR
516 , PROJECT X
517 , PSYCHO BEACH PARTY
518 , PULP FICTION
519 , QUANTUM OF SOLACE
520 , QUEST FOR FIRE
521 , QURAN
522 , RAGING BULL
523 , RAIDERS OF THE LOST ARK
524 , RAISING ARIZONA
525 , RAISING HELEN
526 , RATCHET & CLANK
527 , RAVENBURGER LABYRINTH
528 , REAR WINDOW
529 , REBEL WITHOUT A CAUSE
530 , RED DAWN
531 , RED PLANET
532 , REMEMBER THE TITANS
533 , RETURN OF THE FLY
534 , RETURN TO THE BLUE LAGOON
535 , RIDE THE WILD SURF
536 , RIDING GIANTS
537 , RIO BRAVO
538 , RIP GIRLS
539 , RISE OF THE GUARDIANS
540 , RISKY BUSINESS
541 , RIVERTON WYOMING
542 , ROAD TO PERDITION
543 , ROBIN HOOD MEN IN TIGHTS
544 , ROCKY
545 , ROSEMARY'S BABY
546 , RUDY
547 , RUNAWAY BRIDE
548 , RUNAWAY JURY
549 , RUSH
550 , RUSHMORE
551 , SABRINA
552 , SAFE HOUSE
553 , SANDS OF IWO JIMA
554 , SANJAY'S SUPER TEAM
555 , SATURDAY NIGHT FEVER
556 , SAVING PRIVATE RYAN
557 , SCARFACE
558 , SCHINDLER'S LIST
559 , SCREAM
560 , SEABISCUIT
561 , SEVEN SAMURAI
562 , SHAKESPEARE IN LOVE
563 , SHALL WE DANCE
564 , SHANE
565 , SHANGHAI EXPRESS
566 , SHANGHAI SURPRISE
567 , SHE'S OUT OF MY LEAGUE
568 , SHUTTER ISLAND
569 , SILVERADO
570 , SISTER ACT
571 , SIX DAYS SEVEN NIGHTS
572 , SIX DEGREES OF SEPARATION
573 , SIXTEEN CANDLES
574 , SLEEPLESS IN SEATTLE
575 , SMALL JAZZ CLUB
576 , SNOW WHITE & THE SEVEN DWARVES
577 , SNOWPIERCER
578 , SOLARIS
579 , SOME KIND OF BEAUTIFUL
580 , SOME LIKE IT HOT
581 , SON OF GODZILLA
582 , SOPHIE'S CHOICE
583 , SOUL KITCHEN
584 , SPEED RACER
585 , SPY KIDS
586 , STAR TREK
587 , STAR TREK II :THE WRATH OF KHAN
588 , STAR TREK INTO DARKNESS
589 , STAR WARS
590 , STARSHIP TROOPERS
591 , STEP INTO LIQUID
592 , STEP UP
593 , STOMP THE YARD
594 , STRANGERS ON A TRAIN
595 , STRAW DOGS
596 , SUMMER STOCK
597 , SUNSET BOULEVARD
598 , SUPER SIZE ME
599 , SUPERBAD
600 , SURF CRAZY
601 , SURF NINJAS
602 , SURFWISE
603 , SWEET BIRD OF YOUTH
604 , SWEET HOME ALABAMA
605 , SWEET SMELL OF SUCCESS
606 , SWISS FAMILY ROBINSON
607 , TALE OF TALES
608 , TAXI DRIVER
609 , TEEN WOLF
610 , TENDER MERCIES
611 , TEQUILA SUNRISE
612 , TERMINATOR
613 , TERMINATOR SALVATION
614 , TERMS OF ENDEARMENT
615 , THE ADDAMS FAMILY
616 , THE AFRICAN QUEEN
617 , THE AMITYVILLE HORROR
618 , THE ASPHALT JUNGLE
619 , THE BAD NEWS BEARS
620 , THE BAD NEWS BEARS GO TO JAPAN
621 , THE BASKETBALL DIARIES
622 , THE BATTLE OF ALGIERS
623 , THE BEASTMASTER
624 , THE BEST OF ME
625 , THE BEST YEARS OF OUR LIVES
626 , THE BIG HEAT
627 , THE BIG HEAT GOOD DEEP-FRIED TREATS
628 , THE BIG LEBOWSKI
629 , THE BIRDS
630 , THE BLOB
631 , THE BLUE LOTUS
632 , THE BLUES BROTHERS
633 , THE BOOK OF LIFE
634 , THE BOSS OF IT ALL
635 , THE BOURNE IDENTITY
636 , THE BOURNE LEGACY
637 , THE BOURNE ULTIMATUM
638 , THE BRAVE LITTLE TAILOR
639 , THE BREAKFAST CLUB
640 , THE BRIDGE ON THE RIVER KWAI
641 , THE BRIDGES OF MADISON COUNTY
642 , THE BROTHERS GRIMM
643 , THE BROTHERS GRIMSBY
644 , THE CANNONBALL RUN
645 , THE CHOCOLATE WAR
646 , THE CINCINNATI KID
647 , THE CIRCUS
648 , THE CLIENT
649 , THE COBBLER
650 , THE COCOANUTS
651 , THE COLOR OF MONEY
652 , THE CONJURING
653 , THE CONVERSATION
654 , THE CROODS
655 , THE CRYING GAME
656 , THE CURIOUS CASE OF BENJAMIN BUTTON
657 , THE CURSE OF FRANKENSTEIN
658 , THE DA VINCI CODE
659 , THE DARJEELING LIMITED
660 , THE DARK CRYSTAL
661 , THE DARK KNIGHT RISES
662 , THE DAY THE EARTH STOOD STILL
663 , THE DEER HUNTER
664 , THE DEPARTED
665 , THE DEVIL WEARS PRADA
666 , THE DEVIL'S ADVOCATE
667 , THE DIRTY DOZEN
668 , THE ELEPHANT MAN
669 , THE EMPEROR WALTZ
670 , THE EMPIRE STRIKES BACK
671 , THE ENDLESS SUMMER
672 , THE ENGLISH PATIENT
673 , THE EQUALIZER
674 , THE EVIL DEAD
675 , THE EXORCIST
676 , THE FAST AND THE FURIOUS
677 , THE FIFTH ELEMENT
678 , THE FINAL SEASON
679 , THE FISHER KING
680 , THE FLYING NUN
681 , THE FOX AND THE HOUND
682 , THE FRENCH CONNECTION
683 , THE FRONT PAGE
684 , THE FUGITIVE
685 , THE FULL MONTY
686 , THE FUNDAMENTAL ORDERS
687 , THE GAME PLAN
688 , THE GENERAL'S DAUGHTER
689 , THE GHOST AND MR CHICKEN
690 , THE GODFATHER
691 , THE GODFATHER PART II
692 , THE GODFATHER: PART II
693 , THE GOLD RUSH
694 , THE GOOD DINOSAUR
695 , THE GOOD FAIRY
696 , THE GOOD SHEPHERD
697 , THE GOOD THE BAD AND THE UGLY
698 , THE GOONIES
699 , THE GRAND BUDAPEST HOTEL
700 , THE GREAT ESCAPE
701 , THE GREAT MUPPET CAPER
702 , THE GREAT RACE
703 , THE GREATEST SHOW ON EARTH
704 , THE GREEN MILE
705 , THE GUARDIAN
706 , THE GUILT TRIP
707 , THE HANGOVER
708 , THE HATEFUL EIGHT
709 , THE HAUNTING
710 , THE HAUNTING IN CONNECTICUT
711 , THE HOWLING
712 , THE HUDSUCKER PROXY
713 , THE HUNDRED FOOT JOURNEY
714 , THE HUNDRED-FOOT JOURNEY
715 , THE HUNGER GAMES
716 , THE HUNGER GAMES: CATCHING FIRE
717 , THE HUNT FOR RED OCTOBER
718 , THE HURT LOCKER
719 , THE HUSTLER
720 , THE ILLUSIONIST
721 , THE IMITATION GAME
722 , THE IMPOSSIBLE
723 , THE IN-LAWS
724 , THE INCREDIBLES
725 , THE INSIDER
726 , THE INTERNSHIP
727 , THE INVISIBLE MAN
728 , THE IRON GIANT
729 , THE ISLAND MONSTER
730 , THE JACKIE ROBINSON STORY
731 , THE JERK
732 , THE JOY LUCK CLUB
733 , THE JUDGE
734 , THE KARATE KID
735 , THE KID
736 , THE KING AND I
737 , THE KINGS OF SUMMER
738 , THE LADY FROM SHANGHAI
739 , THE LAST BOY SCOUT
740 , THE LAST CASTLE
741 , THE LAST DAYS ON MARS
742 , THE LAST EMPEROR
743 , THE LAST OF THE MOHICANS
744 , THE LAST PICTURE SHOW
745 , THE LAST SAMURAI
746 , THE LAST WALTZ
747 , THE LAST WINTER
748 , THE LAST WITCH HUNTER
749 , THE LEGEND OF BAGGED VANCE
750 , THE LEGEND OF BAGGER VANCE
751 , THE LEGO MOVIE
752 , THE LEOPARD
753 , THE LION IN WINTER
754 , THE LION KING
755 , THE LITTLE MERMAID
756 , THE LIVING DAYLIGHTS
757 , THE LIZZIE MCGUIRE MOVIE
758 , THE LONG GOODBYE
759 , THE LONG VOYAGE HOME
760 , THE LONGEST NIGHT IN SHANGHAI
761 , THE LONGEST YARD
762 , THE LOVE BUG
763 , THE MAGIC SWORD
764 , THE MAGNIFICENT SEVEN
765 , THE MALTESE FALCON
766 , THE MAN FROM EARTH
767 , THE MAN FROM PLANET X
768 , THE MAN IN THE GRAY FLANNEL SUIT
769 , THE MAN WHO KNEW INFINITY
770 , THE MAN WHO KNEW TOO MUCH
771 , THE MAN WHO SHOT LIBERTY VALANCE
772 , THE MAN WITH THE GOLDEN GUN
773 , THE MANCHURIAN CANDIDATE
774 , THE MASK OF ZORRO
775 , THE MASKED SAINT
776 , THE MASKED SAINTS
777 , THE MATRIX
778 , THE MAZE RUNNER
779 , THE MIGHTY DUCKS
780 , THE MIRROR
781 , THE MONEY PIT
782 , THE MONSTER SQUAD
783 , THE MUMMY
784 , THE MUPPET CHRISTMAS CAROL
785 , THE MUPPET MOVIE
786 , THE MUPPET SHOW
787 , THE NET
788 , THE NEVERENDING STORY
789 , THE NICE GUYS
790 , THE NIGHT BEFORE
791 , THE NIGHT CIRCUS
792 , THE NIGHT OF THE IGUANA
793 , THE NIGHTMARE BEFORE CHRISTMAS
794 , THE NOTEBOOK
795 , THE NUTTY PROFESSOR
796 , THE OUTLAW JOSEY WALES
797 , THE PAPER CHASE
798 , THE PATRIOT
799 , THE PEOPLE THAT TIME FORGOT
800 , THE PERFECT GAME
801 , THE PERFECT STORM
802 , THE PERKS OF BEING A WALLFLOWER
803 , THE PHILADELPHIA STORY
804 , THE PIANO TEACHER
805 , THE POSEIDON ADVENTURE
806 , THE PRESIDENTS LADY
807 , THE PRIDE OF ST LOUIS
808 , THE PRINCE OF EGYPT
809 , THE PRINCESS AND THE FROG
810 , THE PRINCESS BRIDE
811 , THE PRINCESS DIARIES
812 , THE PRODUCERS
813 , THE PROGRAM
814 , THE PROPOSAL
815 , THE RAINMAKER
816 , THE REPLACEMENTS
817 , THE REVENANT
818 , THE RIGHT STUFF
819 , THE ROAD TO EL DORADO
820 , THE ROCK
821 , THE ROSE
822 , THE ROYAL TENENBAUMS
823 , THE SANDLOT
824 , THE SANTA CLAUSE
825 , THE SCIENCE OF SLEEP
826 , THE SEARCHERS
827 , THE SECRET LIFE OF PETS
828 , THE SECRET LIFE OF WALTER MITTY
829 , THE SECRET OF KELLS
830 , THE SECRET OF ROAN INISH
831 , THE SHAKIEST GUN IN THE WEST
832 , THE SHANGHAI GESTURE
833 , THE SHAWSHANK REDEMPTION
834 , THE SHINING
835 , THE SILENCE OF THE LAMBS
836 , THE SIMPSONS MOVIE
837 , THE SISTERHOOD OF THE TRAVELING PANTS
838 , THE SIXTH SENSE
839 , THE SLUGGER'S WIFE
840 , THE SOCIAL NETWORK
841 , THE SOUND AND THE FURY
842 , THE SOUND OF MUSIC
843 , THE SPY WHO CAME IN FROM THE COLD
844 , THE SPY WHO LOVED ME
845 , THE STAR CHAMBER
846 , THE STEPFORD WIVES
847 , THE SUMMER REMAINS
848 , THE SUNSHINE STATE
849 , THE SWAN PRINCESS
850 , THE SWISSMAKERS
851 , THE TAILOR OF PANAMA
852 , THE THEORY OF EVERYTHING
853 , THE THING CALLED LOVE
854 , THE THIRD MAN
855 , THE THOMAS CROWN AFFAIR
856 , THE THREE FACES OF EVE
857 , THE TOURIST
858 , THE TOWERING INFERNO
859 , THE TREASURE OF THE SIERRA MADRE
860 , THE UPSIDE OF ANGER
861 , THE USUAL SUSPECTS
862 , THE VERDICT
863 , THE WATERBOY
864 , THE WEDDING DATE
865 , THE WEDDING PLANNER
866 , THE WEDDING SINGER
867 , THE WILD BUNCH
868 , THE WILD ROBOT
869 , THE WINGS OF THE DOVE
870 , THE WITCHES OF EASTWICK
871 , THE WOLF MAN
872 , THE WOLF OF WALL STREET
873 , THE WORLD IS NOT ENOUGH
874 , THELMA & LOUISE
875 , THELMA AND LOUISE
876 , THERE'S A GIRL IN MY SOUP
877 , THIS IS SPINAL TAP
878 , THIS IS THE END
879 , THOR THE DARK WORLD
880 , THOR: THE DARK WORLD
881 , THUNDER ROAD
882 , TIME BANDITS
883 , TIN CUP
884 , TINKER BELL AND THE LOST TREASURE
885 , TINKER TAILOR SOLDIER SPY
886 , TITANIC
887 , TO BRAVE ALASKA
888 , TODAY'S SPECIAL
889 , TOKYO STORY
890 , TOMBSTONE
891 , TOMORROW NEVER DIES
892 , TOOTSIE
893 , TOTAL RECALL
894 , TOUCH OF EVIL
895 , TOY STORY
896 , TRADING PLACES
897 , TRAINING DAY
898 , TRAINSPOTTING
899 , TRANSCENDENCE
900 , TRANSFORMERS
901 , TROLLHUNTER
902 , TRUE BELIEVER
903 , TRUE GRIT
904 , TRUE LIES
905 , TWO FOR THE MONEY
906 , TWO WEEKS
907 , TWO-LANE BLACKTOP
908 , UNFORGIVEN
909 , UP IN THE AIR
910 , VANILLA SKY
911 , VANISHING POINT
912 , VARSITY BLUES
913 , VEGAS VACATION
914 , VEGAS VACTION
915 , VERTIGO
916 , VINTAGE CLOTHING
917 , WAGON TRAIN
918 , WAITING TO EXHALE
919 , WAKING NED DEVINE
920 , WALK THE LINE
921 , WALL STREET
922 , WALL STREET MONEY NEVER SLEEPS
923 , WALL-E
924 , WATER FOR ELEPHANTS
925 , WAYNE'S WORLD
926 , WE ARE MARSHALL
927 , WE'RE THE MILLERS
928 , WEDDING CRASHER
929 , WEDDING CRASHERS
930 , WEEKEND AT BERNIE'S
931 , WEST SIDE STORY
932 , WHAT EVER HAPPENED TO BABY JANE?
933 , WHAT HAPPENS IN VEGAS
934 , WHEN HARRY MET SALLY
935 , WHISKEY TANGO FOXTROT
936 , WHO FRAMED ROGER RABBIT
937 , WHO FRAMED ROGER RABBIT?
938 , WHO IS KILLING THE GREAT CHEFS OF EUROPE?
939 , WHO'S AFRAID OF VIRGINIA WOOLF
940 , WHO'S AFRAID OF VIRGINIA WOOLF?
941 , WHY I RAN
942 , WILDCATS
943 , WILLY WONKA & THE CHOCOLATE FACTORY
944 , WINTER'S TALE
945 , WITNESS FOR THE PROSECUTION
946 , WOMAN'S DAY
947 , WORKING GIRL
948 , WORLD WAR Z
949 , WRATH OF THE TITANS
950 , WRECK IT RALPH
951 , WRECK-IT RALPH
952 , X-MEN: DAYS OF FUTURE PAST
953 , XANADU
954 , YOU GOT SERVED
955 , YOU ONLY LIVE TWICE
956 , YOU'RE NEXT
957 , YOU'VE GOT MAIL
958 , YOUNG FRANKENSTEIN
959 , YOUNG MR LINCOLN
960 , YOURS MINE AND OURS
961 , ZERO DARK THIRTY
962 , ZORBA THE GREEK
963 , AND JUSTICE FOR ALL